夏疯,炫富+艳照+骂人=我想红。张梦怡Baby打响龙年第一炮,http://bbs.tianya.cn/post-free-2368438-1.shtml,75225,152,2012/1/26 4:07,2012/1/26 5:57,2012/1/26 14:23,2012/1/26 14:45,2012/1/26 16:45,2012/1/26 16:46,2012/1/26 17:19,2012/1/26 19:06,2012/1/26 19:16,2012/1/26 19:16,2012/1/26 19:24,2012/1/26 19:26,2012/1/26 19:27,2012/1/26 19:27,2012/1/26 19:33,2012/1/26 19:43,2012/1/27 16:22,2012/1/27 16:24,2012/1/27 16:27,2012/1/27 16:29,2012/1/27 17:17,2012/1/27 17:21,2012/1/27 17:22,2012/1/27 17:32,2012/1/27 17:50,2012/1/27 18:48,2012/1/27 18:59,2012/1/27 22:08,2012/1/27 22:20,2012/1/27 22:31,2012/1/28 5:33,2012/1/28 5:46,2012/1/28 18:37,2012/1/28 19:02,2012/1/29 14:39,2012/1/29 14:53,2012/1/29 15:40,2012/1/29 16:16,2012/1/29 16:41,2012/1/29 16:56,2012/1/29 17:22,2012/1/29 17:40,2012/1/29 17:42,2012/1/29 17:43,2012/1/29 17:52,2012/1/29 18:00,2012/1/29 18:01,2012/1/29 18:04,2012/1/29 18:08,2012/1/29 18:21,2012/1/29 18:34,2012/1/29 18:39,2012/1/29 18:51,2012/1/29 19:25,2012/1/29 19:26,2012/1/29 19:27,2012/1/29 19:27,2012/1/29 19:34,2012/1/29 19:40,2012/1/29 19:40,2012/1/29 19:50,2012/1/29 19:53,2012/1/29 19:54,2012/1/29 19:57,2012/1/29 20:01,2012/1/29 20:22,2012/1/29 20:33,2012/1/29 20:36,2012/1/29 20:43,2012/1/29 20:47,2012/1/29 20:49,2012/1/29 20:50,2012/1/29 21:00,2012/1/29 21:01,2012/1/29 21:01,2012/1/29 21:06,2012/1/29 21:07,2012/1/29 21:37,2012/1/29 21:44,2012/1/29 21:50,2012/1/29 21:51,2012/1/29 22:01,2012/1/29 22:05,2012/1/29 22:35,2012/1/29 22:40,2012/1/29 22:52,2012/1/29 22:56,2012/1/29 22:56,2012/1/29 23:02,2012/1/29 23:03,2012/1/29 23:17,2012/1/29 23:22,2012/1/29 23:27,2012/1/29 23:29,2012/1/30 0:07,2012/1/30 0:19,2012/1/30 0:27,2012/1/30 1:21,2012/1/30 1:25,2012/1/30 2:01,2012/1/30 2:04,2012/1/30 2:10,2012/1/30 2:26,2012/1/30 3:15,2012/1/30 3:18,2012/1/30 4:35,2012/1/30 4:48,2012/1/30 6:11,2012/1/30 6:52,2012/1/30 8:00,2012/1/30 8:05,2012/1/30 8:09,2012/1/30 9:06,2012/1/30 9:15,2012/1/30 9:40,2012/1/30 9:42,2012/1/30 9:51,2012/1/30 10:10,2012/1/30 10:20,2012/1/30 10:26,2012/1/30 10:47,2012/1/30 10:53,2012/1/30 11:24,2012/1/30 11:56,2012/1/30 12:15,2012/1/30 15:10,2012/1/31 2:00,2012/1/31 15:33,2012/2/9 7:19,2012/2/9 11:53,2012/2/9 16:29,2012/2/9 18:25,2012/2/9 18:43,2012/2/9 18:58,2012/6/15 15:59,2012/6/15 17:26,2012/7/3 14:54,2012/11/1 10:47,2012/11/18 3:53,2014/6/18 17:54,,,,,,,,,,,,,,,,,,,,,,,,,,,,,,,,,,,,,,,,,,,,,,,,,,,,,,,,,,,,,,,,,,,,,,,,,,,,,,,,,,,,,,,,,,,,,,,,,,,,,,,,,,,,,,,,,,,,,,,,,,,,,,,,,,,,,,,,,,,,,,,,,,,,,,,,,,,,,,,,,,,,,,,,,,,,,,,,,,,,,,,,,,,,,,,,,,,,,,,,,,,,,,,,,,,,,,,,,,,,,,,,,,,,,,,,,,,,,,,,,,,,,,,,,,,,,,,,,,,,,,,,,,,,,,,,,,,,,,,,,,,,,,,,,,,,,,,,,,,,,,,,,,,,,,,,,,,,,,,,,,,,,,,,,,,,,,,,,,,,,,,,,,,,,,,,,,,,,,,,,,,,,,,,,,,,,,,,,,,,,,,,,,,,,,,,,,,,,,,,,,,,,,,,,,,,,,,,,,,,,,,,,,,,,,,,,,,,,,,,,,,,,,,,,,,,,,,,,,,,,,,,,,,,,,,,,,,,,,,,,,,,,,,,,,,,,,,,,,,,,,,,,,,,,,,,,,,,,,,,,,,,,,,,,,,,,,,,,,,,,,,,,,,,,,,,,,,,,,,,,,,,,,,,,,,,,,,,,,,,,,,,,,,,,,,,,,,,,,,,,,,,,,,,,,,,,,,,,,,,,,,,,,,,,,,,,,,,,,,,,,,,,,,,,,,,,,,,,,,,,,,,,,,,,,,,,,,,,,,,,,,,,,,,,,,,,,,,,,,,,,,,,
xu198588521,[春运专区]火车票实名制能解决购票难的问题么,http://bbs.tianya.cn/post-free-2368456-1.shtml,293,17,2012/1/26 6:48,2012/1/26 6:51,2012/1/26 11:59,2012/1/26 14:02,2012/1/26 14:05,2012/1/26 14:15,2012/1/26 14:17,2012/1/27 20:18,2012/1/27 20:19,2012/1/27 20:55,2012/1/27 23:40,2012/1/28 1:20,2012/1/28 1:28,2012/1/28 20:30,2013/2/5 18:07,,,,,,,,,,,,,,,,,,,,,,,,,,,,,,,,,,,,,,,,,,,,,,,,,,,,,,,,,,,,,,,,,,,,,,,,,,,,,,,,,,,,,,,,,,,,,,,,,,,,,,,,,,,,,,,,,,,,,,,,,,,,,,,,,,,,,,,,,,,,,,,,,,,,,,,,,,,,,,,,,,,,,,,,,,,,,,,,,,,,,,,,,,,,,,,,,,,,,,,,,,,,,,,,,,,,,,,,,,,,,,,,,,,,,,,,,,,,,,,,,,,,,,,,,,,,,,,,,,,,,,,,,,,,,,,,,,,,,,,,,,,,,,,,,,,,,,,,,,,,,,,,,,,,,,,,,,,,,,,,,,,,,,,,,,,,,,,,,,,,,,,,,,,,,,,,,,,,,,,,,,,,,,,,,,,,,,,,,,,,,,,,,,,,,,,,,,,,,,,,,,,,,,,,,,,,,,,,,,,,,,,,,,,,,,,,,,,,,,,,,,,,,,,,,,,,,,,,,,,,,,,,,,,,,,,,,,,,,,,,,,,,,,,,,,,,,,,,,,,,,,,,,,,,,,,,,,,,,,,,,,,,,,,,,,,,,,,,,,,,,,,,,,,,,,,,,,,,,,,,,,,,,,,,,,,,,,,,,,,,,,,,,,,,,,,,,,,,,,,,,,,,,,,,,,,,,,,,,,,,,,,,,,,,,,,,,,,,,,,,,,,,,,,,,,,,,,,,,,,,,,,,,,,,,,,,,,,,,,,,,,,,,,,,,,,,,,,,,,,,,,,,,,,,,,,,,,,,,,,,,,,,,,,,,,,,,,,,,,,,,,,,,,,,,,,,,,,,,,,,,,,,,,,,,,,,,,,,,,,,,,,,,,,,,,,,,,,,,,,,,,,,,,,,,,,,,,,,,,,,,,,,,,,,,,
chuchunxiaoyi,光鲜背后的丑陋行为,http://bbs.tianya.cn/post-free-2368595-1.shtml,1213,28,2012/1/26 11:49,2012/1/26 12:02,2012/1/27 14:52,2012/1/28 17:19,2012/1/29 13:57,2012/1/29 14:02,2012/1/30 13:17,2012/1/31 16:33,2012/1/31 17:26,2012/1/31 19:05,2012/2/1 16:01,2012/2/2 14:21,2012/2/3 14:52,2012/2/4 14:58,2012/2/4 18:28,2012/2/5 15:33,2012/2/6 12:59,2012/2/7 14:09,2012/2/8 17:35,2012/2/14 15:18,2012/2/14 15:24,2012/3/8 16:53,2012/3/10 14:40,2012/3/14 14:48,2012/4/2 14:23,2012/9/1 15:12,2012/9/2 23:48,,,,,,,,,,,,,,,,,,,,,,,,,,,,,,,,,,,,,,,,,,,,,,,,,,,,,,,,,,,,,,,,,,,,,,,,,,,,,,,,,,,,,,,,,,,,,,,,,,,,,,,,,,,,,,,,,,,,,,,,,,,,,,,,,,,,,,,,,,,,,,,,,,,,,,,,,,,,,,,,,,,,,,,,,,,,,,,,,,,,,,,,,,,,,,,,,,,,,,,,,,,,,,,,,,,,,,,,,,,,,,,,,,,,,,,,,,,,,,,,,,,,,,,,,,,,,,,,,,,,,,,,,,,,,,,,,,,,,,,,,,,,,,,,,,,,,,,,,,,,,,,,,,,,,,,,,,,,,,,,,,,,,,,,,,,,,,,,,,,,,,,,,,,,,,,,,,,,,,,,,,,,,,,,,,,,,,,,,,,,,,,,,,,,,,,,,,,,,,,,,,,,,,,,,,,,,,,,,,,,,,,,,,,,,,,,,,,,,,,,,,,,,,,,,,,,,,,,,,,,,,,,,,,,,,,,,,,,,,,,,,,,,,,,,,,,,,,,,,,,,,,,,,,,,,,,,,,,,,,,,,,,,,,,,,,,,,,,,,,,,,,,,,,,,,,,,,,,,,,,,,,,,,,,,,,,,,,,,,,,,,,,,,,,,,,,,,,,,,,,,,,,,,,,,,,,,,,,,,,,,,,,,,,,,,,,,,,,,,,,,,,,,,,,,,,,,,,,,,,,,,,,,,,,,,,,,,,,,,,,,,,,,,,,,,,,,,,,,,,,,,,,,,,,,,,,,,,,,,,,,,,,,,,,,,,,,,,,,,,,,,,,,,,,,,,,,,,,,,,,,,,,,,,,,,,,,,,,,,,,,,,,,,,,,,,,,,,,,,,,,,,,,,,,,,,,,,,,,,
zyw8372,赵本山为什么会成功,http://bbs.tianya.cn/post-free-2368613-1.shtml,1583,27,2012/1/26 13:17,2012/1/26 13:24,2012/1/26 13:41,2012/1/26 13:42,2012/1/26 16:23,2012/1/26 16:31,2012/1/26 16:36,2012/1/26 16:45,2012/1/26 17:12,2012/1/26 17:17,2012/1/26 18:04,2012/1/26 18:18,2012/1/26 18:20,2012/1/26 19:05,2012/1/26 19:06,2012/1/26 23:33,2012/2/7 12:24,2012/2/7 15:16,2012/2/7 15:18,2012/9/9 18:59,2012/9/9 19:15,2012/9/9 19:18,2012/9/17 18:47,2012/9/17 19:06,2012/9/17 19:06,2015/2/22 18:02,,,,,,,,,,,,,,,,,,,,,,,,,,,,,,,,,,,,,,,,,,,,,,,,,,,,,,,,,,,,,,,,,,,,,,,,,,,,,,,,,,,,,,,,,,,,,,,,,,,,,,,,,,,,,,,,,,,,,,,,,,,,,,,,,,,,,,,,,,,,,,,,,,,,,,,,,,,,,,,,,,,,,,,,,,,,,,,,,,,,,,,,,,,,,,,,,,,,,,,,,,,,,,,,,,,,,,,,,,,,,,,,,,,,,,,,,,,,,,,,,,,,,,,,,,,,,,,,,,,,,,,,,,,,,,,,,,,,,,,,,,,,,,,,,,,,,,,,,,,,,,,,,,,,,,,,,,,,,,,,,,,,,,,,,,,,,,,,,,,,,,,,,,,,,,,,,,,,,,,,,,,,,,,,,,,,,,,,,,,,,,,,,,,,,,,,,,,,,,,,,,,,,,,,,,,,,,,,,,,,,,,,,,,,,,,,,,,,,,,,,,,,,,,,,,,,,,,,,,,,,,,,,,,,,,,,,,,,,,,,,,,,,,,,,,,,,,,,,,,,,,,,,,,,,,,,,,,,,,,,,,,,,,,,,,,,,,,,,,,,,,,,,,,,,,,,,,,,,,,,,,,,,,,,,,,,,,,,,,,,,,,,,,,,,,,,,,,,,,,,,,,,,,,,,,,,,,,,,,,,,,,,,,,,,,,,,,,,,,,,,,,,,,,,,,,,,,,,,,,,,,,,,,,,,,,,,,,,,,,,,,,,,,,,,,,,,,,,,,,,,,,,,,,,,,,,,,,,,,,,,,,,,,,,,,,,,,,,,,,,,,,,,,,,,,,,,,,,,,,,,,,,,,,,,,,,,,,,,,,,,,,,,,,,,,,,,,,,,,,,,,,,,,,,,,,,,,,,,,,
作者麦客,韩寒比郭四更假――声援方舟子,http://bbs.tianya.cn/post-free-2368623-1.shtml,3049,97,2012/1/26 14:15,2012/1/26 14:22,2012/1/26 14:24,2012/1/26 14:26,2012/1/26 14:55,2012/1/26 15:04,2012/1/26 15:06,2012/1/26 15:07,2012/1/26 15:29,2012/1/26 15:29,2012/1/26 15:30,2012/1/26 15:34,2012/1/26 20:44,2012/1/26 21:48,2012/1/26 22:32,2012/1/26 22:38,2012/1/26 22:58,2012/1/26 23:06,2012/1/27 0:37,2012/1/27 0:44,2012/1/27 0:46,2012/1/27 0:48,2012/1/27 1:21,2012/1/27 10:19,2012/1/27 11:09,2012/1/27 13:19,2012/1/27 13:29,2012/1/27 13:40,2012/1/27 14:22,2012/1/27 14:24,2012/1/29 15:56,2012/2/2 17:45,2012/2/2 17:54,2012/4/6 23:11,2012/4/6 23:24,2012/4/6 23:26,2012/4/6 23:29,2012/4/6 23:39,2012/4/6 23:54,2012/4/7 0:00,2012/4/7 0:05,2012/4/7 0:21,2012/4/7 0:49,2012/4/7 3:36,2012/4/7 14:27,2012/4/9 0:20,2012/4/9 11:19,2012/4/9 15:12,2012/4/10 0:49,2012/4/10 15:11,2012/4/15 12:17,2012/4/24 21:39,2012/4/25 12:53,2012/4/26 3:27,2012/5/5 21:33,2012/5/5 22:44,2012/5/5 23:29,2012/5/6 0:31,2012/5/6 1:39,2012/5/6 2:14,2012/5/6 3:00,2012/5/6 3:48,2012/5/6 3:53,2012/6/8 11:09,2012/6/8 11:15,2012/6/9 1:26,2012/6/9 1:35,2012/7/3 14:19,2012/7/3 14:31,2012/7/5 12:23,2012/10/24 15:34,2012/10/24 15:35,2012/10/24 15:35,2012/10/24 15:35,2012/10/24 15:36,2012/10/24 15:36,2012/10/24 15:37,2012/10/25 5:38,2012/10/25 6:07,,,,,,,,,,,,,,,,,,,,,,,,,,,,,,,,,,,,,,,,,,,,,,,,,,,,,,,,,,,,,,,,,,,,,,,,,,,,,,,,,,,,,,,,,,,,,,,,,,,,,,,,,,,,,,,,,,,,,,,,,,,,,,,,,,,,,,,,,,,,,,,,,,,,,,,,,,,,,,,,,,,,,,,,,,,,,,,,,,,,,,,,,,,,,,,,,,,,,,,,,,,,,,,,,,,,,,,,,,,,,,,,,,,,,,,,,,,,,,,,,,,,,,,,,,,,,,,,,,,,,,,,,,,,,,,,,,,,,,,,,,,,,,,,,,,,,,,,,,,,,,,,,,,,,,,,,,,,,,,,,,,,,,,,,,,,,,,,,,,,,,,,,,,,,,,,,,,,,,,,,,,,,,,,,,,,,,,,,,,,,,,,,,,,,,,,,,,,,,,,,,,,,,,,,,,,,,,,,,,,,,,,,,,,,,,,,,,,,,,,,,,,,,,,,,,,,,,,,,,,,,,,,,,,,,,,,,,,,,,,,,,,,,,,,,,,,,,,,,,,,,,,,,,,,,,,,,,,,,,,,,,,,,,,,,,,,,,,,,,,,,,,,,,,,,,,,,,,,,,,,,,,,,,,,,,,,,,,,,,,,,,,,,,,,,,,,,,,,,,,,,,,,,,,,,,,,,,,,,,,,,,,,,,,,,,,,,,,,,,,,,,,,,,,,,,,,,,,,,,,,,,,,,,,,,,,,,,,,,,,,,,,,,,,,,,,,,,,,,,,,,,,,,,,,,,,,,,,,,,,,,,,,,,,,,,,,,,,,,,,,,,,,,,,,,,,,,,,,,,,,,,,,,
顿时红,巨抄杨玉圣克隆抄袭百文大起底,http://bbs.tianya.cn/post-free-2368678-1.shtml,104401,176,2012/1/26 17:03,2012/1/26 17:21,2012/1/26 17:21,2012/1/26 17:23,2012/1/26 17:24,2012/1/26 17:26,2012/1/26 17:27,2012/1/26 17:28,2012/1/26 17:29,2012/1/26 17:37,2012/1/26 17:50,2012/1/26 17:52,2012/1/26 17:53,2012/1/26 17:55,2012/1/26 18:01,2012/1/26 18:03,2012/1/26 18:03,2012/1/26 18:06,2012/1/26 18:07,2012/1/26 18:10,2012/1/26 18:11,2012/1/26 18:12,2012/1/26 18:15,2012/1/26 18:16,2012/1/26 18:19,2012/1/26 18:21,2012/1/26 18:23,2012/1/26 18:24,2012/1/26 18:25,2012/1/26 18:27,2012/1/26 18:28,2012/1/26 18:29,2012/1/26 18:30,2012/1/26 18:30,2012/1/26 18:32,2012/1/26 18:33,2012/1/26 18:35,2012/1/26 18:36,2012/1/26 18:37,2012/1/26 18:39,2012/1/26 18:39,2012/1/26 18:40,2012/1/26 18:41,2012/1/26 18:42,2012/1/26 18:43,2012/1/26 18:44,2012/1/26 18:45,2012/1/26 18:46,2012/1/26 18:47,2012/1/26 18:48,2012/1/26 18:49,2012/1/26 18:50,2012/1/26 18:51,2012/1/26 18:52,2012/1/26 19:00,2012/1/26 19:02,2012/1/26 19:03,2012/1/26 19:05,2012/1/26 19:08,2012/1/26 19:09,2012/1/26 19:10,2012/1/26 19:12,2012/1/26 19:12,2012/1/26 19:13,2012/1/26 19:14,2012/1/26 19:16,2012/1/26 19:17,2012/1/26 19:18,2012/1/26 19:20,2012/1/26 19:21,2012/1/26 19:24,2012/1/26 19:25,2012/1/26 19:26,2012/1/26 19:28,2012/1/26 19:29,2012/1/26 19:31,2012/1/26 19:33,2012/1/26 19:34,2012/1/26 19:35,2012/1/26 19:36,2012/1/26 19:37,2012/1/26 19:38,2012/1/26 19:39,2012/1/26 19:40,2012/1/26 19:41,2012/1/26 19:42,2012/1/26 19:54,2012/1/26 19:55,2012/1/26 19:56,2012/1/26 19:58,2012/1/26 19:59,2012/1/26 20:00,2012/1/26 20:03,2012/1/26 20:04,2012/1/26 20:06,2012/1/26 20:07,2012/1/26 20:10,2012/1/26 20:10,2012/1/26 20:11,2012/1/26 20:12,2012/1/26 20:13,2012/1/26 20:13,2012/1/26 20:14,2012/1/26 20:15,2012/1/26 20:19,2012/1/26 20:21,2012/1/26 20:21,2012/1/26 20:22,2012/1/26 20:24,2012/1/26 20:26,2012/1/26 20:30,2012/1/26 20:31,2012/1/26 20:32,2012/1/26 20:41,2012/2/5 10:42,2012/2/5 11:00,2012/2/5 12:22,2012/2/5 12:31,2012/2/5 12:46,2012/2/5 14:17,2012/2/5 14:21,2012/2/5 14:27,2012/2/5 14:34,2012/2/5 17:12,2012/2/5 17:14,2012/2/5 17:20,2012/2/5 17:30,2012/2/6 12:50,2012/2/6 14:31,2012/2/6 15:11,2012/2/6 16:07,2012/2/6 16:11,2012/2/6 16:14,2012/2/6 17:13,2012/2/6 18:50,2012/2/6 18:54,2012/2/6 18:59,2012/2/6 20:05,2012/2/7 10:21,2012/2/7 10:27,2012/2/7 10:35,2012/2/7 12:53,2012/2/7 13:28,2012/2/7 13:31,2012/2/7 15:02,2012/2/7 16:19,2012/2/7 16:22,2012/2/7 16:23,2012/2/7 16:48,2012/2/7 19:39,2012/2/7 19:43,2012/2/7 19:48,2012/2/7 19:52,2012/2/8 11:14,2012/2/8 11:17,2012/2/8 11:18,2012/2/8 11:25,2012/2/8 11:30,2012/2/8 12:00,2012/2/8 13:45,2012/2/8 13:51,2012/2/8 14:31,2012/2/8 14:36,2012/2/8 17:04,2012/2/8 17:08,2012/2/8 17:17,2012/2/8 19:00,2012/2/8 19:03,2012/3/5 19:50,2012/3/5 19:55,2012/3/6 17:24,2012/3/8 23:30,2013/2/11 8:22,2015/12/7 14:37,2015/12/8 10:03,2015/12/8 11:41,,,,,,,,,,,,,,,,,,,,,,,,,,,,,,,,,,,,,,,,,,,,,,,,,,,,,,,,,,,,,,,,,,,,,,,,,,,,,,,,,,,,,,,,,,,,,,,,,,,,,,,,,,,,,,,,,,,,,,,,,,,,,,,,,,,,,,,,,,,,,,,,,,,,,,,,,,,,,,,,,,,,,,,,,,,,,,,,,,,,,,,,,,,,,,,,,,,,,,,,,,,,,,,,,,,,,,,,,,,,,,,,,,,,,,,,,,,,,,,,,,,,,,,,,,,,,,,,,,,,,,,,,,,,,,,,,,,,,,,,,,,,,,,,,,,,,,,,,,,,,,,,,,,,,,,,,,,,,,,,,,,,,,,,,,,,,,,,,,,,,,,,,,,,,,,,,,,,,,,,,,,,,,,,,,,,,,,,,,,,,,,,,,,,,,,,,,,,,,,,,,,,,,,,,,,,,,,,,,,,,,,,,,,,,,,,,,,,,,,,,,,,,,,,,,,,,,,,,,,,,,,,,,,,,,,,,,,,,,,,,,,,,,,,,,,,,,,,,,,,,,,,,,,,,,,,,,,,,,,,,,,,,,,,,,,,,,,,,,,,,,,,,,,,,,,,,,,,,,,,,,,,,,,,,,,,,,,,,,,,,,,,,,,,,,,,,,,,,,,,,,,,,,,,,,,,,,,,,,,,,,,,,,,,,,,,,,,,,,,,,,,,,,,,,,,,,,,,,,,,,,,,,,,,,
粉黛春秋2012,怀孕34周面瘫，现在生完孩子已经16天，谁能帮帮我，什么时候能好啊,http://bbs.tianya.cn/post-free-2368682-1.shtml,1822,42,2012/1/26 17:29,2012/1/26 17:28,2012/1/26 20:03,2012/1/26 20:06,2012/1/26 20:33,2012/1/26 20:36,2012/1/26 20:41,2012/1/26 20:52,2012/1/26 20:54,2012/1/26 20:56,2012/1/26 20:58,2012/1/26 21:04,2012/1/26 21:27,2012/1/26 21:40,2012/1/26 21:43,2012/1/26 21:45,2012/1/26 21:54,2012/1/26 22:14,2012/1/26 22:22,2012/1/26 22:47,2012/1/26 22:51,2012/1/27 8:24,2012/1/27 8:25,2012/1/27 8:26,2012/1/27 9:13,2012/1/27 9:14,2012/1/27 10:30,2012/1/27 10:39,2012/1/27 10:59,2012/1/27 11:16,2012/1/27 11:17,2012/1/27 11:18,2012/1/27 13:11,2012/1/27 13:19,2012/1/27 13:45,2012/1/27 15:38,2012/1/27 15:39,2012/1/27 15:39,2012/1/27 16:14,2012/2/13 23:40,2012/2/13 23:46,2012/5/9 13:41,,,,,,,,,,,,,,,,,,,,,,,,,,,,,,,,,,,,,,,,,,,,,,,,,,,,,,,,,,,,,,,,,,,,,,,,,,,,,,,,,,,,,,,,,,,,,,,,,,,,,,,,,,,,,,,,,,,,,,,,,,,,,,,,,,,,,,,,,,,,,,,,,,,,,,,,,,,,,,,,,,,,,,,,,,,,,,,,,,,,,,,,,,,,,,,,,,,,,,,,,,,,,,,,,,,,,,,,,,,,,,,,,,,,,,,,,,,,,,,,,,,,,,,,,,,,,,,,,,,,,,,,,,,,,,,,,,,,,,,,,,,,,,,,,,,,,,,,,,,,,,,,,,,,,,,,,,,,,,,,,,,,,,,,,,,,,,,,,,,,,,,,,,,,,,,,,,,,,,,,,,,,,,,,,,,,,,,,,,,,,,,,,,,,,,,,,,,,,,,,,,,,,,,,,,,,,,,,,,,,,,,,,,,,,,,,,,,,,,,,,,,,,,,,,,,,,,,,,,,,,,,,,,,,,,,,,,,,,,,,,,,,,,,,,,,,,,,,,,,,,,,,,,,,,,,,,,,,,,,,,,,,,,,,,,,,,,,,,,,,,,,,,,,,,,,,,,,,,,,,,,,,,,,,,,,,,,,,,,,,,,,,,,,,,,,,,,,,,,,,,,,,,,,,,,,,,,,,,,,,,,,,,,,,,,,,,,,,,,,,,,,,,,,,,,,,,,,,,,,,,,,,,,,,,,,,,,,,,,,,,,,,,,,,,,,,,,,,,,,,,,,,,,,,,,,,,,,,,,,,,,,,,,,,,,,,,,,,,,,,,,,,,,,,,,,,,,,,,,,,,,,,,,,,,,,,,,,,,,,,,,,,,,,,,,,,,,,,,,,,,,,
wangfeifei2009,一字江湖――方舟子VS韩寒,http://bbs.tianya.cn/post-free-2368686-1.shtml,824,12,2012/1/26 17:30,,,,,,,,,,,,,,,,,,,,,,,,,,,,,,,,,,,,,,,,,,,,,,,,,,,,,,,,,,,,,,,,,,,,,,,,,,,,,,,,,,,,,,,,,,,,,,,,,,,,,,,,,,,,,,,,,,,,,,,,,,,,,,,,,,,,,,,,,,,,,,,,,,,,,,,,,,,,,,,,,,,,,,,,,,,,,,,,,,,,,,,,,,,,,,,,,,,,,,,,,,,,,,,,,,,,,,,,,,,,,,,,,,,,,,,,,,,,,,,,,,,,,,,,,,,,,,,,,,,,,,,,,,,,,,,,,,,,,,,,,,,,,,,,,,,,,,,,,,,,,,,,,,,,,,,,,,,,,,,,,,,,,,,,,,,,,,,,,,,,,,,,,,,,,,,,,,,,,,,,,,,,,,,,,,,,,,,,,,,,,,,,,,,,,,,,,,,,,,,,,,,,,,,,,,,,,,,,,,,,,,,,,,,,,,,,,,,,,,,,,,,,,,,,,,,,,,,,,,,,,,,,,,,,,,,,,,,,,,,,,,,,,,,,,,,,,,,,,,,,,,,,,,,,,,,,,,,,,,,,,,,,,,,,,,,,,,,,,,,,,,,,,,,,,,,,,,,,,,,,,,,,,,,,,,,,,,,,,,,,,,,,,,,,,,,,,,,,,,,,,,,,,,,,,,,,,,,,,,,,,,,,,,,,,,,,,,,,,,,,,,,,,,,,,,,,,,,,,,,,,,,,,,,,,,,,,,,,,,,,,,,,,,,,,,,,,,,,,,,,,,,,,,,,,,,,,,,,,,,,,,,,,,,,,,,,,,,,,,,,,,,,,,,,,,,,,,,,,,,,,,,,,,,,,,,,,,,,,,,,,,,,,,,,,,,,,,,,,,,,,,,,,,,,,,,,,,,,,,,,,,,,,,,,,,,,,,,,,,,,,,,,
南方首席财务官,挑战性泛滥时代--处女宣言,http://bbs.tianya.cn/post-free-2368690-1.shtml,1957,24,2012/1/26 17:31,2012/1/26 17:35,2012/1/26 17:55,2012/1/26 18:01,2012/1/26 19:57,2012/1/27 2:02,2012/1/27 3:23,2012/1/27 12:01,2012/1/27 12:28,2012/1/27 12:57,2012/1/27 13:17,2012/1/27 13:19,2012/1/27 13:22,2012/1/27 13:24,2012/1/27 13:35,2012/1/27 13:49,2012/1/27 14:38,2012/1/27 17:08,2012/1/27 17:11,2012/1/27 22:18,2012/1/27 22:45,2012/1/28 2:33,2012/4/8 23:45,2013/6/15 12:48,,,,,,,,,,,,,,,,,,,,,,,,,,,,,,,,,,,,,,,,,,,,,,,,,,,,,,,,,,,,,,,,,,,,,,,,,,,,,,,,,,,,,,,,,,,,,,,,,,,,,,,,,,,,,,,,,,,,,,,,,,,,,,,,,,,,,,,,,,,,,,,,,,,,,,,,,,,,,,,,,,,,,,,,,,,,,,,,,,,,,,,,,,,,,,,,,,,,,,,,,,,,,,,,,,,,,,,,,,,,,,,,,,,,,,,,,,,,,,,,,,,,,,,,,,,,,,,,,,,,,,,,,,,,,,,,,,,,,,,,,,,,,,,,,,,,,,,,,,,,,,,,,,,,,,,,,,,,,,,,,,,,,,,,,,,,,,,,,,,,,,,,,,,,,,,,,,,,,,,,,,,,,,,,,,,,,,,,,,,,,,,,,,,,,,,,,,,,,,,,,,,,,,,,,,,,,,,,,,,,,,,,,,,,,,,,,,,,,,,,,,,,,,,,,,,,,,,,,,,,,,,,,,,,,,,,,,,,,,,,,,,,,,,,,,,,,,,,,,,,,,,,,,,,,,,,,,,,,,,,,,,,,,,,,,,,,,,,,,,,,,,,,,,,,,,,,,,,,,,,,,,,,,,,,,,,,,,,,,,,,,,,,,,,,,,,,,,,,,,,,,,,,,,,,,,,,,,,,,,,,,,,,,,,,,,,,,,,,,,,,,,,,,,,,,,,,,,,,,,,,,,,,,,,,,,,,,,,,,,,,,,,,,,,,,,,,,,,,,,,,,,,,,,,,,,,,,,,,,,,,,,,,,,,,,,,,,,,,,,,,,,,,,,,,,,,,,,,,,,,,,,,,,,,,,,,,,,,,,,,,,,,,,,,,,,,,,,,,,,,,,,,,,,,,,,,,,,,,,,,,
happyok8,[春运专区]在网上订的火车票，能否等到火车开了之后再去取票？,http://bbs.tianya.cn/post-free-2368705-1.shtml,9433,8,2012/1/26 18:44,2012/1/26 19:19,2012/1/26 21:57,2013/1/19 23:34,2013/1/20 0:26,2013/1/20 0:35,2013/1/20 18:51,,,,,,,,,,,,,,,,,,,,,,,,,,,,,,,,,,,,,,,,,,,,,,,,,,,,,,,,,,,,,,,,,,,,,,,,,,,,,,,,,,,,,,,,,,,,,,,,,,,,,,,,,,,,,,,,,,,,,,,,,,,,,,,,,,,,,,,,,,,,,,,,,,,,,,,,,,,,,,,,,,,,,,,,,,,,,,,,,,,,,,,,,,,,,,,,,,,,,,,,,,,,,,,,,,,,,,,,,,,,,,,,,,,,,,,,,,,,,,,,,,,,,,,,,,,,,,,,,,,,,,,,,,,,,,,,,,,,,,,,,,,,,,,,,,,,,,,,,,,,,,,,,,,,,,,,,,,,,,,,,,,,,,,,,,,,,,,,,,,,,,,,,,,,,,,,,,,,,,,,,,,,,,,,,,,,,,,,,,,,,,,,,,,,,,,,,,,,,,,,,,,,,,,,,,,,,,,,,,,,,,,,,,,,,,,,,,,,,,,,,,,,,,,,,,,,,,,,,,,,,,,,,,,,,,,,,,,,,,,,,,,,,,,,,,,,,,,,,,,,,,,,,,,,,,,,,,,,,,,,,,,,,,,,,,,,,,,,,,,,,,,,,,,,,,,,,,,,,,,,,,,,,,,,,,,,,,,,,,,,,,,,,,,,,,,,,,,,,,,,,,,,,,,,,,,,,,,,,,,,,,,,,,,,,,,,,,,,,,,,,,,,,,,,,,,,,,,,,,,,,,,,,,,,,,,,,,,,,,,,,,,,,,,,,,,,,,,,,,,,,,,,,,,,,,,,,,,,,,,,,,,,,,,,,,,,,,,,,,,,,,,,,,,,,,,,,,,,,,,,,,,,,,,,,,,,,,,,,,,,,,,,,,,,,,,,,,,,,,,,,,,,,,,,,,,,,,,,,,,,,,,,,,,,,,,,,,,,,,
chunfengfulai,大家别糊涂了，韩寒百分之百是个骗子!,http://bbs.tianya.cn/post-free-2368708-1.shtml,15693,303,2012/1/26 18:45,2012/1/26 18:51,2012/1/26 18:53,2012/1/26 18:54,2012/1/26 18:57,2012/1/26 19:00,2012/1/26 19:03,2012/1/26 19:07,2012/1/26 19:08,2012/1/26 19:16,2012/1/26 19:50,2012/1/26 19:52,2012/1/26 19:54,2012/1/26 19:57,2012/1/26 19:58,2012/1/26 20:32,2012/1/26 20:36,2012/1/26 20:42,2012/1/26 20:48,2012/1/26 20:49,2012/1/26 20:54,2012/1/26 20:56,2012/1/26 21:06,2012/1/26 21:14,2012/1/26 21:14,2012/1/26 21:14,2012/1/26 21:27,2012/1/26 21:28,2012/1/26 21:51,2012/1/26 21:55,2012/1/26 22:08,2012/1/26 22:19,2012/1/26 22:20,2012/1/26 22:21,2012/1/26 22:27,2012/1/26 22:31,2012/1/26 22:53,2012/1/26 22:58,2012/1/26 23:02,2012/1/26 23:02,2012/1/26 23:03,2012/1/26 23:05,2012/1/26 23:08,2012/1/26 23:08,2012/1/26 23:10,2012/1/26 23:14,2012/1/26 23:24,2012/1/26 23:28,2012/1/26 23:29,2012/1/26 23:33,2012/1/26 23:41,2012/1/26 23:46,2012/1/27 0:00,2012/1/27 0:12,2012/1/27 0:19,2012/1/27 1:04,2012/1/27 1:25,2012/1/27 3:12,2012/1/27 3:22,2012/1/27 3:27,2012/1/27 3:29,2012/1/27 3:35,2012/1/27 3:38,2012/1/27 3:46,2012/1/27 3:53,2012/1/27 4:27,2012/1/27 5:19,2012/1/27 6:06,2012/1/27 6:32,2012/1/27 7:15,2012/1/27 7:42,2012/1/27 7:52,2012/1/27 8:25,2012/1/27 8:27,2012/1/27 8:34,2012/1/27 8:35,2012/1/27 9:28,2012/1/27 9:30,2012/1/27 9:44,2012/1/27 9:45,2012/1/27 10:08,2012/1/27 10:39,2012/1/27 11:37,2012/1/27 12:59,2012/1/27 14:46,2012/1/27 14:50,2012/1/27 14:57,2012/1/27 15:03,2012/1/27 15:31,2012/1/27 15:40,2012/1/27 17:39,2012/1/27 22:21,2012/1/28 2:40,2012/1/28 11:55,2012/1/28 12:18,2012/1/28 12:42,2012/1/28 12:44,2012/1/28 12:51,2012/1/28 12:54,2012/1/28 13:04,2012/1/28 13:56,2012/1/28 14:19,2012/1/28 14:47,2012/1/28 15:03,2012/1/28 15:18,2012/1/28 15:33,2012/1/28 15:47,2012/1/28 15:48,2012/1/28 15:50,2012/1/28 16:04,2012/1/28 16:21,2012/1/28 17:16,2012/1/28 17:17,2012/1/28 17:42,2012/1/28 18:50,2012/1/28 18:54,2012/1/28 19:02,2012/1/28 19:08,2012/1/28 19:20,2012/1/28 20:45,2012/1/28 21:16,2012/1/28 21:17,2012/1/28 21:18,2012/1/28 21:20,2012/1/28 21:20,2012/1/28 21:23,2012/1/28 21:29,2012/1/28 21:33,2012/1/28 21:34,2012/1/28 21:36,2012/1/28 21:37,2012/1/28 21:39,2012/1/28 21:41,2012/1/28 21:42,2012/1/28 21:43,2012/1/28 21:45,2012/1/28 21:46,2012/1/28 21:47,2012/1/28 21:48,2012/1/28 21:49,2012/1/28 21:49,2012/1/28 21:49,2012/1/28 21:49,2012/1/28 21:55,2012/1/28 22:02,2012/1/28 22:02,2012/1/28 22:03,2012/1/28 22:08,2012/1/28 22:09,2012/1/28 22:10,2012/1/28 22:12,2012/1/28 22:17,2012/1/28 22:21,2012/1/28 22:29,2012/1/28 22:30,2012/1/28 22:32,2012/1/28 22:43,2012/1/28 22:51,2012/1/28 23:44,2012/1/29 0:21,2012/1/29 0:24,2012/1/29 0:31,2012/1/29 0:36,2012/1/29 0:41,2012/1/29 0:41,2012/1/29 0:56,2012/1/29 1:27,2012/1/29 1:49,2012/1/29 13:19,2012/1/29 13:27,2012/1/29 13:52,2012/1/29 14:02,2012/1/29 14:05,2012/1/29 15:49,2012/1/29 16:03,2012/1/29 16:12,2012/1/29 17:23,2012/1/29 19:28,2012/1/29 19:32,2012/1/29 22:11,2012/1/29 22:19,2012/1/29 22:40,2012/1/29 23:11,2012/1/29 23:12,2012/1/29 23:13,2012/1/29 23:14,2012/1/29 23:14,2012/1/29 23:15,2012/1/29 23:18,2012/1/29 23:19,2012/1/29 23:20,2012/1/29 23:20,2012/1/29 23:22,2012/1/29 23:35,2012/1/29 23:36,2012/1/29 23:41,2012/1/30 0:20,2012/2/10 10:59,2012/2/10 11:09,2012/2/10 11:10,2012/2/10 11:12,2012/2/10 11:19,2012/5/24 11:19,2012/5/24 13:37,2012/6/6 10:12,,,,,,,,,,,,,,,,,,,,,,,,,,,,,,,,,,,,,,,,,,,,,,,,,,,,,,,,,,,,,,,,,,,,,,,,,,,,,,,,,,,,,,,,,,,,,,,,,,,,,,,,,,,,,,,,,,,,,,,,,,,,,,,,,,,,,,,,,,,,,,,,,,,,,,,,,,,,,,,,,,,,,,,,,,,,,,,,,,,,,,,,,,,,,,,,,,,,,,,,,,,,,,,,,,,,,,,,,,,,,,,,,,,,,,,,,,,,,,,,,,,,,,,,,,,,,,,,,,,,,,,,,,,,,,,,,,,,,,,,,,,,,,,,,,,,,,,,,,,,,,,,,,,,,,,,,,,,,,,,,,,,,,,,,,,,,,,,,,,,,,,,,,,,,,,,,,,,,,,,,,,,,,,,,,,,,,,,,,,,,,,,,,,,,,,,,,,,,,,,,,,,,,,,,,,,,,,,,,,,,,,,,,,,,,,,,,,,,,,,,,,,,,,,,,,,,,,,,,,,,,,,,,,,,,,,,,,,,,,,,,,,,,,,,,,,,,,,,,,,,,,,,,,,,,,,,,,,,,,,,,,,,,,,,,,,,,,,,,,,,,,,,,,,,,,,,,,,,,,,,,,,,,,,,,,,,,,,,,,,,,,,,,,,,,,,,,,,,,,,,,,,,,,,,,,,,,,,,,,,,,,,,,,,,,,,,,,,,,,,
雨中气息,安利防骗手册,http://bbs.tianya.cn/post-free-2368716-1.shtml,2598,39,2012/1/26 19:47,2012/1/26 19:58,2012/1/26 20:55,2012/1/27 0:39,2012/1/27 13:49,2012/1/27 13:50,2012/1/27 13:52,2012/1/27 13:54,2012/1/27 13:55,2012/1/27 13:56,2012/1/27 13:57,2012/1/27 13:58,2012/1/27 13:59,2012/1/27 14:00,2012/1/27 14:02,2012/1/27 14:04,2012/1/27 15:03,2012/1/30 13:21,2012/1/30 13:25,2012/1/30 13:34,2012/2/1 12:38,2012/2/1 12:47,2012/2/1 13:32,2012/2/2 11:43,2012/2/8 18:03,2012/2/23 17:33,2012/2/24 10:26,2012/2/24 10:51,2012/2/24 18:00,2012/3/1 16:56,2012/3/8 13:25,2012/4/7 14:09,2012/7/16 15:10,2012/7/16 15:23,2012/7/24 19:22,2012/8/21 19:09,2015/10/6 22:02,2015/12/21 14:53,,,,,,,,,,,,,,,,,,,,,,,,,,,,,,,,,,,,,,,,,,,,,,,,,,,,,,,,,,,,,,,,,,,,,,,,,,,,,,,,,,,,,,,,,,,,,,,,,,,,,,,,,,,,,,,,,,,,,,,,,,,,,,,,,,,,,,,,,,,,,,,,,,,,,,,,,,,,,,,,,,,,,,,,,,,,,,,,,,,,,,,,,,,,,,,,,,,,,,,,,,,,,,,,,,,,,,,,,,,,,,,,,,,,,,,,,,,,,,,,,,,,,,,,,,,,,,,,,,,,,,,,,,,,,,,,,,,,,,,,,,,,,,,,,,,,,,,,,,,,,,,,,,,,,,,,,,,,,,,,,,,,,,,,,,,,,,,,,,,,,,,,,,,,,,,,,,,,,,,,,,,,,,,,,,,,,,,,,,,,,,,,,,,,,,,,,,,,,,,,,,,,,,,,,,,,,,,,,,,,,,,,,,,,,,,,,,,,,,,,,,,,,,,,,,,,,,,,,,,,,,,,,,,,,,,,,,,,,,,,,,,,,,,,,,,,,,,,,,,,,,,,,,,,,,,,,,,,,,,,,,,,,,,,,,,,,,,,,,,,,,,,,,,,,,,,,,,,,,,,,,,,,,,,,,,,,,,,,,,,,,,,,,,,,,,,,,,,,,,,,,,,,,,,,,,,,,,,,,,,,,,,,,,,,,,,,,,,,,,,,,,,,,,,,,,,,,,,,,,,,,,,,,,,,,,,,,,,,,,,,,,,,,,,,,,,,,,,,,,,,,,,,,,,,,,,,,,,,,,,,,,,,,,,,,,,,,,,,,,,,,,,,,,,,,,,,,,,,,,,,,,,,,,,,,,,,,,,,,,,,,,,,,,,,,,,,,,,,,,,,,,,,,,
流氓有文化2008,【天涯首发】韩寒新三篇：《也论孔子》、《趣谈流氓》、《闲说做官》,http://bbs.tianya.cn/post-free-2368721-1.shtml,13858,457,2012/1/26 20:02,2012/1/26 20:04,2012/1/26 20:05,2012/1/26 20:06,2012/1/26 20:06,2012/1/26 20:07,2012/1/26 20:09,2012/1/26 20:09,2012/1/26 20:10,2012/1/26 20:10,2012/1/26 20:10,2012/1/26 20:10,2012/1/26 20:11,2012/1/26 20:17,2012/1/26 20:17,2012/1/26 20:18,2012/1/26 20:18,2012/1/26 20:19,2012/1/26 20:19,2012/1/26 20:23,2012/1/26 20:26,2012/1/26 20:40,2012/1/26 20:40,2012/1/26 20:42,2012/1/26 20:43,2012/1/26 20:45,2012/1/26 20:47,2012/1/26 20:47,2012/1/26 20:48,2012/1/26 20:49,2012/1/26 20:50,2012/1/26 20:51,2012/1/26 20:51,2012/1/26 20:51,2012/1/26 20:52,2012/1/26 20:52,2012/1/26 20:55,2012/1/26 20:57,2012/1/26 20:58,2012/1/26 20:58,2012/1/26 20:59,2012/1/26 21:01,2012/1/26 21:02,2012/1/26 21:06,2012/1/26 21:12,2012/1/26 21:17,2012/1/26 21:17,2012/1/26 21:19,2012/1/26 21:23,2012/1/26 21:24,2012/1/26 21:24,2012/1/26 21:26,2012/1/26 21:28,2012/1/26 21:32,2012/1/26 21:35,2012/1/26 21:35,2012/1/26 21:36,2012/1/26 21:38,2012/1/26 21:40,2012/1/26 21:42,2012/1/26 21:43,2012/1/26 21:46,2012/1/26 21:49,2012/1/26 21:50,2012/1/26 21:50,2012/1/26 21:58,2012/1/26 22:05,2012/1/26 22:06,2012/1/26 22:11,2012/1/26 22:13,2012/1/26 22:24,2012/1/26 22:25,2012/1/26 22:37,2012/1/26 22:42,2012/1/26 22:45,2012/1/26 22:47,2012/1/26 22:49,2012/1/26 22:50,2012/1/26 22:51,2012/1/26 22:57,2012/1/26 22:59,2012/1/26 23:00,2012/1/26 23:02,2012/1/26 23:04,2012/1/26 23:05,2012/1/26 23:05,2012/1/26 23:06,2012/1/26 23:09,2012/1/26 23:15,2012/1/26 23:18,2012/1/26 23:23,2012/1/26 23:26,2012/1/26 23:29,2012/1/26 23:30,2012/1/26 23:32,2012/1/26 23:33,2012/1/26 23:35,2012/1/26 23:36,2012/1/26 23:38,2012/1/26 23:40,2012/1/26 23:41,2012/1/26 23:42,2012/1/26 23:43,2012/1/26 23:46,2012/1/26 23:46,2012/1/26 23:56,2012/1/26 23:57,2012/1/26 23:59,2012/1/27 0:00,2012/1/27 0:01,2012/1/27 0:03,2012/1/27 0:05,2012/1/27 0:05,2012/1/27 0:11,2012/1/27 0:13,2012/1/27 0:14,2012/1/27 0:22,2012/1/27 0:28,2012/1/27 0:45,2012/1/27 1:22,2012/1/27 3:33,2012/1/27 6:05,2012/1/27 6:08,2012/1/27 6:09,2012/1/27 7:51,2012/1/27 7:57,2012/1/27 8:56,2012/1/27 9:14,2012/1/27 9:15,2012/1/27 9:16,2012/1/27 9:16,2012/1/27 9:17,2012/1/27 9:19,2012/1/27 9:20,2012/1/27 9:21,2012/1/27 10:09,2012/1/27 10:10,2012/1/27 10:11,2012/1/27 10:18,2012/1/27 10:29,2012/1/27 10:33,2012/1/27 10:34,2012/1/27 10:36,2012/1/27 10:40,2012/1/27 10:49,2012/1/27 11:00,2012/1/27 11:02,2012/1/27 11:04,2012/1/27 11:04,2012/1/27 11:05,2012/1/27 11:08,2012/1/27 11:08,2012/1/27 11:09,2012/1/27 11:11,2012/1/27 11:51,2012/1/27 12:19,2012/1/27 12:19,2012/1/27 12:21,2012/1/27 12:24,2012/1/27 12:28,2012/1/27 12:30,2012/1/27 12:30,2012/1/27 12:31,2012/1/27 12:31,2012/1/27 12:32,2012/1/27 12:33,2012/1/27 12:38,2012/1/27 12:53,2012/1/27 12:54,2012/1/27 12:55,2012/1/27 12:56,2012/1/27 13:00,2012/1/27 13:04,2012/1/27 13:04,2012/1/27 13:05,2012/1/27 13:06,2012/1/27 13:08,2012/1/27 13:34,2012/1/27 13:36,2012/1/27 13:37,2012/1/27 13:40,2012/1/27 13:50,2012/1/27 14:19,2012/1/27 14:23,2012/1/27 14:36,2012/1/27 14:37,2012/1/27 14:56,2012/1/27 15:00,2012/1/27 15:42,2012/1/27 15:44,2012/1/27 15:46,2012/1/27 15:46,2012/1/27 15:53,2012/1/27 16:04,2012/1/27 16:08,2012/1/27 16:11,2012/1/27 16:12,2012/1/27 16:13,2012/1/27 16:14,2012/1/27 16:15,2012/1/27 16:17,2012/1/27 16:29,2012/1/27 18:09,2012/1/27 18:14,2012/1/27 18:16,2012/1/27 18:20,2012/1/27 18:35,2012/1/27 18:36,2012/1/27 20:01,2012/1/27 20:03,2012/1/27 20:04,2012/1/27 22:16,2012/1/27 22:23,2012/1/27 22:26,2012/1/27 22:28,2012/1/27 22:30,2012/1/27 22:30,2012/1/27 22:33,2012/1/27 22:48,2012/1/27 22:51,2012/1/27 22:53,2012/1/27 22:54,2012/1/27 22:55,2012/1/27 23:00,2012/1/27 23:09,2012/1/27 23:10,2012/1/27 23:11,2012/1/27 23:16,2012/1/27 23:17,2012/1/28 0:07,2012/1/28 0:08,2012/1/28 0:08,2012/1/28 0:24,2012/1/28 0:37,2012/1/28 0:45,2012/1/28 2:55,2012/1/28 4:37,2012/1/28 6:58,2012/1/28 10:53,2012/1/28 10:54,2012/1/28 10:58,2012/1/28 11:01,2012/1/28 11:08,2012/1/28 11:11,2012/1/28 11:13,2012/1/28 11:16,2012/1/28 11:21,2012/1/28 11:22,2012/1/28 11:22,2012/1/28 11:26,2012/1/28 11:29,2012/1/28 11:30,2012/1/28 11:33,2012/1/28 11:33,2012/1/28 11:41,2012/1/28 11:41,2012/1/28 11:42,2012/1/28 11:44,2012/1/28 11:56,2012/1/28 12:02,2012/1/28 12:27,2012/1/28 12:28,2012/1/28 12:38,2012/1/28 12:47,2012/1/28 12:50,2012/1/28 12:52,2012/1/28 12:52,2012/1/28 12:56,2012/1/28 12:58,2012/1/28 12:58,2012/1/28 13:00,2012/1/28 13:08,2012/1/28 13:10,2012/1/28 13:51,2012/1/28 13:53,2012/1/28 13:57,2012/1/28 13:59,2012/1/28 14:26,2012/1/28 14:26,2012/1/28 14:27,2012/1/28 16:36,2012/1/28 16:46,2012/1/28 16:48,2012/1/28 16:49,2012/1/28 17:25,2012/1/28 17:51,2012/1/28 19:05,2012/1/28 19:13,2012/1/28 20:29,2012/1/28 21:39,2012/1/29 0:58,2012/1/29 9:28,2012/1/29 10:03,2012/1/29 10:04,2012/1/29 11:11,2012/1/29 11:12,2012/1/29 11:14,2012/1/29 11:15,2012/1/29 11:16,2012/1/29 11:20,2012/1/29 11:53,2012/1/29 13:26,2012/1/29 13:28,2012/1/29 13:30,2012/1/29 13:33,2012/1/29 13:35,2012/1/29 14:04,2012/1/29 14:08,2012/1/29 14:09,2012/1/29 14:34,2012/1/29 14:35,2012/1/29 14:36,2012/1/29 15:29,2012/1/29 16:07,2012/1/29 16:58,2012/1/29 17:00,2012/1/29 17:37,2012/1/29 18:51,2012/1/29 18:52,2012/1/29 18:54,2012/1/29 18:55,2012/1/29 18:57,2012/1/29 20:46,2012/1/29 20:48,2012/1/29 20:51,2012/1/29 20:52,2012/1/29 20:54,2012/1/29 20:55,2012/1/29 20:56,2012/1/29 21:00,2012/1/29 21:01,2012/1/29 21:02,2012/1/29 21:03,2012/1/29 21:03,2012/1/29 21:05,2012/1/29 21:06,2012/1/29 21:08,2012/1/29 21:09,2012/1/29 21:20,2012/1/29 21:21,2012/1/29 21:25,2012/1/30 9:31,2012/1/30 9:33,2012/1/30 9:39,2012/1/30 9:42,2012/1/30 9:44,2012/1/30 9:49,2012/1/30 9:50,2012/1/30 10:20,2012/1/30 12:39,2012/1/30 12:41,2012/1/30 12:42,2012/1/30 14:09,2012/1/30 14:17,2012/1/30 17:39,2012/1/30 17:42,2012/1/30 17:44,2012/1/30 17:48,2012/1/30 18:53,2012/1/30 22:41,2012/1/30 22:45,2012/1/30 22:47,2012/1/30 22:50,2012/1/30 22:57,2012/1/30 23:16,2012/1/30 23:18,2012/1/30 23:21,2012/1/30 23:24,2012/1/30 23:26,2012/1/30 23:31,2012/1/30 23:42,2012/1/31 0:00,2012/1/31 9:34,2012/1/31 9:36,2012/1/31 9:38,2012/1/31 9:40,2012/1/31 9:42,2012/1/31 9:43,2012/1/31 9:44,2012/1/31 9:46,2012/1/31 9:49,2012/1/31 9:51,2012/1/31 9:56,2012/1/31 9:56,2012/1/31 9:58,2012/1/31 10:02,2012/1/31 10:05,2012/1/31 12:17,2012/1/31 12:20,2012/1/31 12:23,2012/1/31 12:26,2012/1/31 12:26,2012/2/3 2:14,2012/2/3 2:20,2012/2/3 2:30,2012/2/3 7:09,2012/2/3 9:46,2012/2/3 9:47,2012/2/3 9:48,2012/2/3 9:52,2012/2/3 13:51,2012/2/3 13:51,2012/2/3 13:54,2012/2/3 13:55,2012/2/3 14:07,2012/2/3 17:55,2012/2/3 17:56,2012/2/3 17:57,2012/2/5 14:46,2012/2/5 14:47,2012/2/5 14:48,2012/2/5 14:49,2012/2/7 19:10,2012/2/7 19:11,2012/2/7 19:12,2012/2/8 23:16,2012/2/8 23:23,2012/2/23 6:42,2012/2/23 6:44,2012/6/20 19:37,2012/12/10 11:18,2014/7/11 10:32,2016/4/13 12:29,,,,,,,,,,,,,,,,,,,,,,,,,,,,,,,,,,,,,,,,,,,,,,,,,,,,,,,,,,,,,,,,,,,,,,,,,,,,,,,,,,,,,,,,,,,,,,,,,,,,,,,,,,,,,,,,,,,,,,,,,,,,,,,,,,,,,,,,,,,,,,,,,,,,,,,,,,,,,,,,,,,,,,,,,,,,,,,,,,,,,,,,,,,,,,,,,,,,,,,,,,,,,,,,,,,,,,,,,,,,,,,,,,,,,,,,,,,,,,,,,,,,,,,,,,,,,,,,,,,,,,,,,,,,,,,,,,,,,,,,,,,,,,,,,,,,,,,,,,,,,,,,,,,,,,,,,,,,,,,,,,,,,,,,,,,,,,,,,,,,,,,,,,,,,,,,,,,,,,,,,,,,,,,,,,,,,,,,,,,,,,,,,,,,,,,,,,,,,,,,,,,,,,,,,,,,,,,,,,,,,,
宝山脚下,岁岁喜庆不离酒，饮酒悲剧年年有。,http://bbs.tianya.cn/post-free-2368722-1.shtml,609,45,2012/1/26 20:06,2012/1/26 20:10,2012/1/26 20:11,2012/1/26 20:18,2012/1/26 21:21,2012/1/26 22:34,2012/1/26 22:41,2012/1/26 22:48,2012/1/27 18:24,,,,,,,,,,,,,,,,,,,,,,,,,,,,,,,,,,,,,,,,,,,,,,,,,,,,,,,,,,,,,,,,,,,,,,,,,,,,,,,,,,,,,,,,,,,,,,,,,,,,,,,,,,,,,,,,,,,,,,,,,,,,,,,,,,,,,,,,,,,,,,,,,,,,,,,,,,,,,,,,,,,,,,,,,,,,,,,,,,,,,,,,,,,,,,,,,,,,,,,,,,,,,,,,,,,,,,,,,,,,,,,,,,,,,,,,,,,,,,,,,,,,,,,,,,,,,,,,,,,,,,,,,,,,,,,,,,,,,,,,,,,,,,,,,,,,,,,,,,,,,,,,,,,,,,,,,,,,,,,,,,,,,,,,,,,,,,,,,,,,,,,,,,,,,,,,,,,,,,,,,,,,,,,,,,,,,,,,,,,,,,,,,,,,,,,,,,,,,,,,,,,,,,,,,,,,,,,,,,,,,,,,,,,,,,,,,,,,,,,,,,,,,,,,,,,,,,,,,,,,,,,,,,,,,,,,,,,,,,,,,,,,,,,,,,,,,,,,,,,,,,,,,,,,,,,,,,,,,,,,,,,,,,,,,,,,,,,,,,,,,,,,,,,,,,,,,,,,,,,,,,,,,,,,,,,,,,,,,,,,,,,,,,,,,,,,,,,,,,,,,,,,,,,,,,,,,,,,,,,,,,,,,,,,,,,,,,,,,,,,,,,,,,,,,,,,,,,,,,,,,,,,,,,,,,,,,,,,,,,,,,,,,,,,,,,,,,,,,,,,,,,,,,,,,,,,,,,,,,,,,,,,,,,,,,,,,,,,,,,,,,,,,,,,,,,,,,,,,,,,,,,,,,,,,,,,,,,,,,,,,,,,,,,,,,,,,,,,,,,,,,,,,,,,,,,,,,,,,,,,,,,,,,,,,,,,,,,,
张梓萱1994,大家相信这世界有鬼吗？,http://bbs.tianya.cn/post-free-2368738-1.shtml,10026,91,2012/1/26 20:45,2012/1/26 20:50,2012/1/26 21:00,2012/1/26 21:03,2012/1/26 21:06,2012/1/26 21:08,2012/1/26 21:11,2012/1/26 21:12,2012/1/26 21:13,2012/1/26 21:14,2012/1/26 21:18,2012/1/26 21:20,2012/1/26 21:25,2012/1/26 21:25,2012/1/26 21:26,2012/1/26 21:27,2012/1/26 21:28,2012/1/26 21:30,2012/1/26 21:44,2012/1/26 21:48,2012/1/26 21:55,2012/1/26 21:55,2012/1/26 22:09,2012/1/26 22:41,2012/1/26 22:48,2012/1/26 22:52,2012/1/26 23:02,2012/1/26 23:03,2012/1/26 23:09,2012/1/26 23:11,2012/1/26 23:12,2012/1/26 23:13,2012/1/26 23:18,2012/1/26 23:26,2012/1/26 23:27,2012/1/26 23:30,2012/1/26 23:37,2012/1/26 23:47,2012/1/26 23:48,2012/1/26 23:55,2012/1/26 23:58,2012/1/27 0:18,2012/1/27 4:33,2012/1/27 4:36,2012/1/27 15:45,2012/1/27 16:51,2012/1/27 16:58,2012/1/27 18:11,2012/1/27 18:25,2012/1/27 19:13,2012/1/27 19:31,2012/1/27 20:20,2012/1/27 20:35,2012/1/27 20:41,2012/1/27 21:20,2012/1/27 21:22,2012/1/27 21:23,2012/1/27 21:29,2012/1/27 22:01,2012/1/27 22:04,2012/1/27 22:10,2012/1/27 22:25,2012/1/27 23:13,2012/1/28 12:51,2012/1/29 14:07,2012/1/29 14:14,2012/1/29 14:22,2012/1/29 14:29,2012/1/29 14:37,2012/1/29 14:40,2012/1/29 14:40,2012/1/29 14:44,2012/1/29 14:59,2012/1/29 15:43,2012/1/29 15:49,2012/1/29 15:59,2012/1/29 16:51,2012/1/29 17:06,2012/1/29 18:02,2012/1/29 18:08,2016/2/9 20:29,2016/2/9 20:37,2016/2/9 20:54,,,,,,,,,,,,,,,,,,,,,,,,,,,,,,,,,,,,,,,,,,,,,,,,,,,,,,,,,,,,,,,,,,,,,,,,,,,,,,,,,,,,,,,,,,,,,,,,,,,,,,,,,,,,,,,,,,,,,,,,,,,,,,,,,,,,,,,,,,,,,,,,,,,,,,,,,,,,,,,,,,,,,,,,,,,,,,,,,,,,,,,,,,,,,,,,,,,,,,,,,,,,,,,,,,,,,,,,,,,,,,,,,,,,,,,,,,,,,,,,,,,,,,,,,,,,,,,,,,,,,,,,,,,,,,,,,,,,,,,,,,,,,,,,,,,,,,,,,,,,,,,,,,,,,,,,,,,,,,,,,,,,,,,,,,,,,,,,,,,,,,,,,,,,,,,,,,,,,,,,,,,,,,,,,,,,,,,,,,,,,,,,,,,,,,,,,,,,,,,,,,,,,,,,,,,,,,,,,,,,,,,,,,,,,,,,,,,,,,,,,,,,,,,,,,,,,,,,,,,,,,,,,,,,,,,,,,,,,,,,,,,,,,,,,,,,,,,,,,,,,,,,,,,,,,,,,,,,,,,,,,,,,,,,,,,,,,,,,,,,,,,,,,,,,,,,,,,,,,,,,,,,,,,,,,,,,,,,,,,,,,,,,,,,,,,,,,,,,,,,,,,,,,,,,,,,,,,,,,,,,,,,,,,,,,,,,,,,,,,,,,,,,,,,,,,,,,,,,,,,,,,,,,,,,,,,,,,,,,,,,,,,,,,,,,,,,,,,,,,,,,,,,,,,,,,,,,,,,,,,,,,,,,,,,,,,,,,,,,,,,,,,,,,,,,,,,,,,,,,,,,
yangjq777,转贴:《中国何时复仇》- 向抗日战争中牺牲的英雄烈士：致敬！ “国人必看”,http://bbs.tianya.cn/post-free-2368759-1.shtml,421,4,2012/1/26 21:38,2012/1/26 21:56,2012/1/26 22:01,2012/1/26 22:02,2012/11/18 11:55,,,,,,,,,,,,,,,,,,,,,,,,,,,,,,,,,,,,,,,,,,,,,,,,,,,,,,,,,,,,,,,,,,,,,,,,,,,,,,,,,,,,,,,,,,,,,,,,,,,,,,,,,,,,,,,,,,,,,,,,,,,,,,,,,,,,,,,,,,,,,,,,,,,,,,,,,,,,,,,,,,,,,,,,,,,,,,,,,,,,,,,,,,,,,,,,,,,,,,,,,,,,,,,,,,,,,,,,,,,,,,,,,,,,,,,,,,,,,,,,,,,,,,,,,,,,,,,,,,,,,,,,,,,,,,,,,,,,,,,,,,,,,,,,,,,,,,,,,,,,,,,,,,,,,,,,,,,,,,,,,,,,,,,,,,,,,,,,,,,,,,,,,,,,,,,,,,,,,,,,,,,,,,,,,,,,,,,,,,,,,,,,,,,,,,,,,,,,,,,,,,,,,,,,,,,,,,,,,,,,,,,,,,,,,,,,,,,,,,,,,,,,,,,,,,,,,,,,,,,,,,,,,,,,,,,,,,,,,,,,,,,,,,,,,,,,,,,,,,,,,,,,,,,,,,,,,,,,,,,,,,,,,,,,,,,,,,,,,,,,,,,,,,,,,,,,,,,,,,,,,,,,,,,,,,,,,,,,,,,,,,,,,,,,,,,,,,,,,,,,,,,,,,,,,,,,,,,,,,,,,,,,,,,,,,,,,,,,,,,,,,,,,,,,,,,,,,,,,,,,,,,,,,,,,,,,,,,,,,,,,,,,,,,,,,,,,,,,,,,,,,,,,,,,,,,,,,,,,,,,,,,,,,,,,,,,,,,,,,,,,,,,,,,,,,,,,,,,,,,,,,,,,,,,,,,,,,,,,,,,,,,,,,,,,,,,,,,,,,,,,,,,,,,,,,,,,,,,,,,,,,,,,,,,,,,,,,,,,,,,
甘肃李剑鸣,1930年震惊全国的“兰仓屠城惨案”，你知道吗？,http://bbs.tianya.cn/post-free-2368775-1.shtml,109941,1426,2012/1/26 22:16,2012/1/26 22:17,2012/1/26 22:19,2012/1/26 22:22,2012/1/26 22:27,2012/1/26 22:33,2012/1/26 22:36,2012/1/26 22:41,2012/1/26 22:41,2012/1/26 22:46,2012/1/26 22:50,2012/1/26 22:51,2012/1/26 22:52,2012/1/26 22:55,2012/1/26 22:57,2012/1/26 23:10,2012/1/26 23:10,2012/1/26 23:46,2012/1/27 0:10,2012/1/27 0:11,2012/1/27 0:11,2012/1/27 0:12,2012/1/27 0:13,2012/1/27 0:13,2012/1/27 1:00,2012/1/27 1:57,2012/1/27 2:21,2012/1/27 2:36,2012/1/27 2:47,2012/1/27 2:53,2012/1/27 2:55,2012/1/27 3:35,2012/1/27 3:37,2012/1/27 3:40,2012/1/27 9:59,2012/1/27 14:20,2012/1/27 14:37,2012/1/27 15:28,2012/1/27 15:28,2012/1/27 15:29,2012/1/27 15:30,2012/1/27 15:32,2012/1/27 15:34,2012/1/27 16:08,2012/1/27 18:10,2012/1/27 19:16,2012/1/27 19:50,2012/1/27 20:30,2012/1/27 23:23,2012/1/27 23:42,2012/1/27 23:43,2012/1/28 0:05,2012/1/28 0:37,2012/1/28 0:57,2012/1/28 1:55,2012/1/28 2:06,2012/1/28 14:04,2012/1/28 14:44,2012/1/28 14:54,2012/1/28 15:38,2012/1/28 19:27,2012/1/28 22:42,2012/1/28 23:17,2012/1/28 23:19,2012/1/28 23:33,2012/1/28 23:35,2012/1/28 23:39,2012/1/28 23:42,2012/1/28 23:45,2012/1/28 23:53,2012/1/29 0:09,2012/1/29 1:09,2012/1/29 2:44,2012/1/29 3:01,2012/1/29 3:03,2012/1/29 3:05,2012/1/29 10:15,2012/1/29 12:11,2012/1/29 12:28,2012/1/29 12:29,2012/1/29 12:30,2012/1/29 12:32,2012/1/29 12:45,2012/1/29 12:46,2012/1/29 12:49,2012/1/29 12:50,2012/1/29 12:51,2012/1/29 12:56,2012/1/29 13:11,2012/1/29 13:22,2012/1/29 13:22,2012/1/29 13:22,2012/1/29 13:22,2012/1/29 13:23,2012/1/29 14:06,2012/1/29 14:38,2012/1/29 14:39,2012/1/29 14:40,2012/1/29 15:42,2012/1/29 15:45,2012/1/29 15:46,2012/1/29 16:46,2012/1/29 17:00,2012/1/29 17:06,2012/1/29 17:15,2012/1/29 17:33,2012/1/29 18:28,2012/1/29 18:37,2012/1/29 20:28,2012/1/29 22:51,2012/1/30 0:00,2012/1/30 0:12,2012/1/30 0:27,2012/1/30 2:03,2012/1/30 2:36,2012/1/30 2:50,2012/1/30 6:13,2012/1/30 11:45,2012/1/30 11:52,2012/1/30 14:14,2012/1/30 14:33,2012/1/30 14:34,2012/1/30 14:35,2012/1/30 14:37,2012/1/30 14:38,2012/1/30 14:45,2012/1/30 14:49,2012/1/30 15:18,2012/1/30 15:21,2012/1/30 15:24,2012/1/30 15:27,2012/1/30 15:28,2012/1/30 15:43,2012/1/30 16:05,2012/1/30 16:35,2012/1/30 17:47,2012/1/30 18:28,2012/1/30 20:00,2012/1/30 22:42,2012/1/30 23:10,2012/1/30 23:11,2012/1/30 23:12,2012/1/31 0:03,2012/1/31 0:23,2012/1/31 0:45,2012/1/31 0:46,2012/1/31 2:13,2012/1/31 4:42,2012/1/31 8:19,2012/1/31 9:45,2012/1/31 11:26,2012/1/31 16:05,2012/1/31 17:03,2012/1/31 17:25,2012/1/31 17:26,2012/1/31 17:28,2012/1/31 17:33,2012/1/31 17:42,2012/1/31 17:54,2012/1/31 17:55,2012/1/31 18:21,2012/1/31 19:47,2012/1/31 19:57,2012/1/31 22:25,2012/1/31 22:55,2012/1/31 22:56,2012/1/31 22:59,2012/2/1 0:40,2012/2/1 1:00,2012/2/1 1:04,2012/2/1 2:18,2012/2/1 15:01,2012/2/1 15:23,2012/2/1 15:47,2012/2/1 17:14,2012/2/1 17:19,2012/2/1 21:14,2012/2/1 21:19,2012/2/1 21:43,2012/2/1 22:09,2012/2/1 23:38,2012/2/2 0:00,2012/2/2 0:26,2012/2/2 2:03,2012/2/2 2:25,2012/2/2 5:13,2012/2/2 9:43,2012/2/2 11:12,2012/2/2 12:14,2012/2/2 12:20,2012/2/2 14:02,2012/2/2 15:32,2012/2/2 15:51,2012/2/2 16:43,2012/2/2 21:44,2012/2/2 21:49,2012/2/2 21:59,2012/2/2 22:03,2012/2/2 22:30,2012/2/3 1:01,2012/2/3 9:11,2012/2/3 9:15,2012/2/3 9:16,2012/2/3 9:26,2012/2/3 10:24,2012/2/3 11:48,2012/2/3 13:24,2012/2/3 16:57,2012/2/3 17:47,2012/2/3 19:00,2012/2/3 21:04,2012/2/3 21:05,2012/2/3 23:33,2012/2/4 2:08,2012/2/4 11:33,2012/2/4 14:27,2012/2/4 15:34,2012/2/4 15:35,2012/2/4 15:48,2012/2/4 15:50,2012/2/4 15:53,2012/2/4 16:05,2012/2/4 16:06,2012/2/4 16:07,2012/2/4 16:08,2012/2/4 16:12,2012/2/4 16:16,2012/2/4 16:37,2012/2/4 16:39,2012/2/4 17:41,2012/2/4 17:59,2012/2/4 19:18,2012/2/4 19:47,2012/2/4 20:06,2012/2/4 20:20,2012/2/4 20:24,2012/2/4 20:28,2012/2/4 20:34,2012/2/4 21:10,2012/2/4 21:14,2012/2/4 21:36,2012/2/4 21:58,2012/2/4 22:45,2012/2/4 23:54,2012/2/5 0:07,2012/2/5 10:24,2012/2/5 10:35,2012/2/5 14:11,2012/2/5 14:34,2012/2/5 15:07,2012/2/5 15:49,2012/2/5 17:37,2012/2/5 18:04,2012/2/5 18:49,2012/2/5 19:23,2012/2/5 19:29,2012/2/5 19:45,2012/2/5 20:33,2012/2/5 20:49,2012/2/5 21:00,2012/2/6 0:11,2012/2/6 0:25,2012/2/6 1:12,2012/2/6 3:00,2012/2/6 9:10,2012/2/6 9:48,2012/2/6 10:28,2012/2/6 10:28,2012/2/6 10:29,2012/2/6 10:31,2012/2/6 13:26,2012/2/6 14:00,2012/2/6 14:39,2012/2/6 15:08,2012/2/6 16:39,2012/2/6 16:50,2012/2/6 16:56,2012/2/6 17:03,2012/2/6 17:07,2012/2/6 17:11,2012/2/6 17:32,2012/2/6 17:55,2012/2/6 18:09,2012/2/6 19:02,2012/2/6 20:56,2012/2/6 22:24,2012/2/6 22:51,2012/2/6 22:58,2012/2/6 23:49,2012/2/7 1:46,2012/2/7 2:31,2012/2/7 8:26,2012/2/7 10:02,2012/2/7 11:45,2012/2/7 14:08,2012/2/7 14:09,2012/2/7 14:11,2012/2/7 14:23,2012/2/7 15:10,2012/2/7 15:12,2012/2/7 15:14,2012/2/7 15:18,2012/2/7 15:21,2012/2/7 15:30,2012/2/7 15:38,2012/2/7 16:21,2012/2/7 16:39,2012/2/7 16:47,2012/2/7 17:11,2012/2/7 17:12,2012/2/7 17:12,2012/2/7 17:25,2012/2/7 17:51,2012/2/7 18:02,2012/2/7 18:13,2012/2/7 19:15,2012/2/7 19:15,2012/2/7 19:21,2012/2/7 19:22,2012/2/7 21:16,2012/2/7 22:14,2012/2/7 22:33,2012/2/7 22:56,2012/2/7 22:57,2012/2/7 22:58,2012/2/7 23:00,2012/2/8 0:26,2012/2/8 3:29,2012/2/8 3:30,2012/2/8 3:34,2012/2/8 8:35,2012/2/8 12:44,2012/2/8 13:11,2012/2/8 15:00,2012/2/8 17:14,2012/2/8 19:37,2012/2/8 22:46,2012/2/8 22:47,2012/2/8 22:49,2012/2/8 22:55,2012/2/8 22:59,2012/2/9 0:37,2012/2/9 11:21,2012/2/9 11:33,2012/2/9 12:10,2012/2/9 13:39,2012/2/9 13:41,2012/2/9 13:48,2012/2/9 13:49,2012/2/9 13:51,2012/2/9 16:23,2012/2/9 16:37,2012/2/9 17:10,2012/2/10 4:39,2012/2/10 8:39,2012/2/10 8:42,2012/2/10 9:05,2012/2/10 11:56,2012/2/10 14:20,2012/2/10 16:39,2012/2/10 20:40,2012/2/10 22:16,2012/2/10 23:49,2012/2/11 9:40,2012/2/11 11:12,2012/2/11 13:18,2012/2/11 14:32,2012/2/11 15:01,2012/2/11 15:03,2012/2/11 15:09,2012/2/11 15:16,2012/2/11 15:19,2012/2/11 15:47,2012/2/11 15:58,2012/2/11 19:50,2012/2/11 22:13,2012/2/11 23:03,2012/2/11 23:56,2012/2/12 0:01,2012/2/12 0:16,2012/2/12 12:33,2012/2/12 12:35,2012/2/12 12:36,2012/2/12 12:42,2012/2/12 12:45,2012/2/12 12:47,2012/2/12 12:49,2012/2/12 19:35,2012/2/12 22:43,2012/2/12 22:44,2012/2/12 22:45,2012/2/13 0:45,2012/2/13 1:36,2012/2/13 3:18,2012/2/13 9:09,2012/2/13 9:11,2012/2/13 10:20,2012/2/13 11:05,2012/2/13 11:06,2012/2/13 11:07,2012/2/13 11:39,2012/2/13 11:40,2012/2/13 11:44,2012/2/13 11:46,2012/2/13 11:48,2012/2/13 11:49,2012/2/13 11:51,2012/2/13 11:53,2012/2/13 11:54,2012/2/13 11:57,2012/2/13 11:58,2012/2/13 12:00,2012/2/13 12:01,2012/2/13 14:43,2012/2/13 15:23,2012/2/13 15:34,2012/2/13 16:36,2012/2/13 17:01,2012/2/13 19:51,2012/2/13 19:58,2012/2/13 19:58,2012/2/13 20:06,2012/2/13 20:37,2012/2/13 20:59,2012/2/13 21:00,2012/2/13 22:05,2012/2/13 22:34,2012/2/13 23:53,2012/2/14 0:16,2012/2/14 0:56,2012/2/14 9:25,2012/2/14 10:49,2012/2/14 11:50,2012/2/14 12:34,2012/2/14 12:36,2012/2/14 12:47,2012/2/14 13:24,2012/2/14 13:54,2012/2/14 15:30,2012/2/14 15:50,2012/2/14 15:56,2012/2/14 16:36,2012/2/14 20:15,2012/2/14 22:04,2012/2/15 9:10,2012/2/15 9:14,2012/2/15 12:37,2012/2/15 12:58,2012/2/15 14:05,2012/2/15 14:08,2012/2/15 15:29,2012/2/15 15:39,2012/2/15 16:13,2012/2/15 17:23,2012/2/15 19:06,2012/2/15 21:35,2012/2/15 21:51,2012/2/15 22:40,2012/2/16 10:47,2012/2/16 10:55,2012/2/16 11:10,2012/2/16 11:14,2012/2/16 14:42,2012/2/16 16:13,2012/2/16 16:48,2012/2/16 17:26,2012/2/16 19:08,2012/2/16 20:07,2012/2/16 21:05,2012/2/16 21:08,2012/2/16 21:10,2012/2/16 21:13,2012/2/16 21:16,2012/2/16 21:16,2012/2/16 23:10,2012/2/16 23:28,2012/2/17 2:24,2012/2/17 6:57,2012/2/17 11:38,2012/2/17 11:50,2012/2/17 13:10,2012/2/17 15:03,2012/2/17 16:57,2012/2/17 18:20,2012/2/17 18:21,2012/2/17 18:23,2012/2/17 18:28,2012/2/17 18:48,2012/2/17 18:50,2012/2/17 18:51,2012/2/17 18:53,2012/2/17 18:55,2012/2/17 18:56,2012/2/17 18:57,2012/2/17 18:58,2012/2/17 19:00,2012/2/17 19:01,2012/2/17 19:54,2012/2/17 22:49,2012/2/17 23:57,2012/2/18 0:42,2012/2/18 1:06,2012/2/18 6:28,2012/2/18 7:33,2012/2/18 10:20,2012/2/18 15:09,2012/2/18 16:33,2012/2/18 20:00,2012/2/18 20:05,2012/2/18 20:06,2012/2/18 20:07,2012/2/18 20:09,2012/2/18 20:10,2012/2/18 20:12,2012/2/18 20:14,2012/2/18 20:15,2012/2/18 20:21,2012/2/18 20:31,2012/2/18 20:44,2012/2/18 20:45,2012/2/18 20:48,2012/2/18 20:48,2012/2/18 20:50,2012/2/18 20:51,2012/2/18 20:53,2012/2/18 20:54,2012/2/18 20:55,2012/2/18 20:57,2012/2/18 20:58,2012/2/18 21:02,2012/2/18 21:03,2012/2/18 21:05,2012/2/18 21:08,2012/2/18 21:09,2012/2/18 21:11,2012/2/18 21:12,2012/2/18 21:15,2012/2/18 21:17,2012/2/18 21:18,2012/2/18 21:19,2012/2/18 21:22,2012/2/18 21:24,2012/2/18 21:24,2012/2/18 21:28,2012/2/18 21:29,2012/2/18 21:29,2012/2/18 21:30,2012/2/18 21:32,2012/2/18 21:33,2012/2/18 21:34,2012/2/18 21:35,2012/2/18 21:35,2012/2/18 21:36,2012/2/18 21:36,2012/2/18 21:37,2012/2/18 21:38,2012/2/18 21:38,2012/2/18 21:38,2012/2/18 21:39,2012/2/18 21:40,2012/2/18 21:46,2012/2/18 21:47,2012/2/18 21:49,2012/2/18 21:52,2012/2/18 21:53,2012/2/18 21:53,2012/2/18 21:54,2012/2/18 21:55,2012/2/18 21:56,2012/2/18 21:57,2012/2/18 21:59,2012/2/18 22:00,2012/2/18 22:01,2012/2/18 22:02,2012/2/18 22:02,2012/2/18 22:05,2012/2/18 22:07,2012/2/18 22:08,2012/2/18 22:08,2012/2/18 22:09,2012/2/18 22:10,2012/2/18 22:10,2012/2/18 22:12,2012/2/18 22:17,2012/2/18 22:20,2012/2/18 22:21,2012/2/18 22:22,2012/2/18 22:30,2012/2/18 22:31,2012/2/18 22:31,2012/2/18 22:32,2012/2/18 22:32,2012/2/18 22:33,2012/2/18 22:34,2012/2/18 22:35,2012/2/18 22:35,2012/2/18 22:35,2012/2/18 22:36,2012/2/18 22:37,2012/2/18 22:37,2012/2/18 22:38,2012/2/18 22:39,2012/2/18 22:40,2012/2/18 22:49,2012/2/18 22:53,2012/2/18 23:01,2012/2/18 23:14,2012/2/19 10:16,2012/2/19 10:38,2012/2/19 14:19,2012/2/19 15:57,2012/2/19 16:29,2012/2/19 16:46,2012/2/19 16:50,2012/2/19 16:50,2012/2/19 16:53,2012/2/19 16:54,2012/2/19 16:57,2012/2/19 17:05,2012/2/19 17:11,2012/2/19 17:14,2012/2/19 19:54,2012/2/19 23:20,2012/2/19 23:49,2012/2/19 23:50,2012/2/20 1:22,2012/2/20 1:35,2012/2/20 11:25,2012/2/20 14:09,2012/2/20 16:38,2012/2/20 17:29,2012/2/20 17:33,2012/2/20 17:36,2012/2/20 17:40,2012/2/20 19:04,2012/2/20 21:29,2012/2/20 22:26,2012/2/20 22:27,2012/2/20 23:56,2012/2/21 9:34,2012/2/21 9:36,2012/2/21 9:41,2012/2/21 11:36,2012/2/21 13:17,2012/2/21 13:24,2012/2/21 13:53,2012/2/21 15:32,2012/2/21 16:07,2012/2/21 16:10,2012/2/21 16:11,2012/2/21 16:58,2012/2/21 19:12,2012/2/22 9:09,2012/2/22 11:02,2012/2/22 14:47,2012/2/22 14:54,2012/2/22 14:55,2012/2/22 16:31,2012/2/22 16:58,2012/2/22 18:05,2012/2/22 20:29,2012/2/22 20:56,2012/2/22 21:52,2012/2/22 21:54,2012/2/22 22:14,2012/2/22 22:24,2012/2/22 22:38,2012/2/23 0:30,2012/2/23 3:36,2012/2/23 3:39,2012/2/23 3:43,2012/2/23 8:16,2012/2/23 8:21,2012/2/23 12:49,2012/2/23 12:50,2012/2/23 12:52,2012/2/23 12:53,2012/2/23 13:00,2012/2/23 13:24,2012/2/23 14:21,2012/2/23 14:59,2012/2/23 15:00,2012/2/23 15:51,2012/2/23 15:54,2012/2/23 16:05,2012/2/23 16:07,2012/2/23 16:24,2012/2/23 16:28,2012/2/23 16:31,2012/2/23 16:45,2012/2/23 16:53,2012/2/23 17:03,2012/2/23 17:12,2012/2/23 17:13,2012/2/23 17:16,2012/2/23 17:20,2012/2/23 17:41,2012/2/23 23:28,2012/2/24 1:20,2012/2/24 1:21,2012/2/24 1:22,2012/2/24 1:23,2012/2/24 1:23,2012/2/24 1:24,2012/2/24 1:26,2012/2/24 1:28,2012/2/24 1:29,2012/2/24 1:32,2012/2/24 1:35,2012/2/24 2:12,2012/2/24 2:16,2012/2/24 2:27,2012/2/24 2:33,2012/2/24 3:44,2012/2/24 3:45,2012/2/24 3:46,2012/2/24 3:47,2012/2/24 3:48,2012/2/24 3:48,2012/2/24 3:49,2012/2/24 3:50,2012/2/24 3:51,2012/2/24 3:54,2012/2/24 3:59,2012/2/24 13:30,2012/2/24 13:30,2012/2/24 13:45,2012/2/24 14:19,2012/2/24 15:00,2012/2/24 15:21,2012/2/24 16:03,2012/2/24 18:23,2012/2/24 18:31,2012/2/24 18:32,2012/2/24 18:35,2012/2/24 18:39,2012/2/24 18:41,2012/2/24 18:54,2012/2/24 18:59,2012/2/24 19:32,2012/2/24 20:07,2012/2/24 20:12,2012/2/24 20:48,2012/2/24 21:13,2012/2/24 21:32,2012/2/24 21:37,2012/2/24 21:57,2012/2/24 22:12,2012/2/24 22:25,2012/2/24 22:35,2012/2/24 22:39,2012/2/24 22:39,2012/2/24 23:04,2012/2/24 23:05,2012/2/24 23:22,2012/2/24 23:29,2012/2/24 23:41,2012/2/24 23:48,2012/2/24 23:53,2012/2/25 0:05,2012/2/25 0:15,2012/2/25 0:19,2012/2/25 0:42,2012/2/25 1:03,2012/2/25 1:03,2012/2/25 1:04,2012/2/25 1:10,2012/2/25 2:05,2012/2/25 2:07,2012/2/25 2:26,2012/2/25 2:30,2012/2/25 10:14,2012/2/25 11:22,2012/2/25 12:32,2012/2/25 14:27,2012/2/25 15:08,2012/2/25 16:01,2012/2/25 16:02,2012/2/25 16:10,2012/2/25 16:57,2012/2/25 19:34,2012/2/25 21:19,2012/2/25 21:20,2012/2/25 21:28,2012/2/25 21:36,2012/2/25 22:03,2012/2/25 22:09,2012/2/26 0:36,2012/2/26 1:06,2012/2/26 1:18,2012/2/26 8:05,2012/2/26 8:09,2012/2/26 8:46,2012/2/26 9:05,2012/2/26 9:39,2012/2/26 12:09,2012/2/26 14:21,2012/2/26 14:30,2012/2/26 14:34,2012/2/26 14:47,2012/2/26 14:55,2012/2/26 15:18,2012/2/26 15:25,2012/2/26 15:32,2012/2/26 15:36,2012/2/26 15:55,2012/2/26 17:03,2012/2/26 17:34,2012/2/26 17:37,2012/2/26 17:52,2012/2/26 18:00,2012/2/26 19:29,2012/2/26 23:05,2012/2/27 8:57,2012/2/27 12:56,2012/2/27 15:54,2012/2/27 16:09,2012/2/27 17:50,2012/2/27 17:51,2012/2/27 17:57,2012/2/27 18:58,2012/2/27 19:03,2012/2/27 19:33,2012/2/27 19:39,2012/2/27 19:44,2012/2/27 20:24,2012/2/27 20:39,2012/2/27 22:15,2012/2/28 1:20,2012/2/28 10:50,2012/2/28 13:38,2012/2/28 14:01,2012/2/28 14:44,2012/2/28 14:53,2012/2/28 15:03,2012/2/28 15:03,2012/2/28 15:07,2012/2/28 17:04,2012/2/28 17:12,2012/2/28 17:18,2012/2/28 17:27,2012/2/28 17:49,2012/2/28 18:14,2012/2/28 18:16,2012/2/28 18:17
